{"weights": [-0.8356123604421509, -0.2388647274299236, -3.293870667832406e-05], "bias": 85.21987824692027}